id,label
165.jpg,3
654.jpg,13
890.jpg,18
114.jpg,2
290.jpg,6
447.jpg,9
11.jpg,0
740.jpg,15
115.jpg,2
548.jpg,11
74.jpg,1
173.jpg,3
164.jpg,3
931.jpg,19
586.jpg,12
361.jpg,7
49.jpg,1
339.jpg,7
293.jpg,6
123.jpg,2
3.jpg,0
930.jpg,19
842.jpg,17
939.jpg,19
585.jpg,12
846.jpg,17
109.jpg,2
208.jpg,4
881.jpg,18
690.jpg,14
938.jpg,19
254.jpg,5
119.jpg,2
402.jpg,8
301.jpg,6
724.jpg,15
205.jpg,4
822.jpg,17
694.jpg,14
438.jpg,9
581.jpg,12
30.jpg,0
795.jpg,16
913.jpg,19
25.jpg,0
291.jpg,6
744.jpg,15
159.jpg,3
100.jpg,2
779.jpg,16
390.jpg,8
393.jpg,8
156.jpg,3
880.jpg,18
934.jpg,19
555.jpg,11
318.jpg,6
256.jpg,5
210.jpg,4
304.jpg,6
113.jpg,2
267.jpg,5
510.jpg,10
843.jpg,17
873.jpg,18
107.jpg,2
886.jpg,18
932.jpg,19
118.jpg,2
497.jpg,10
485.jpg,10
7.jpg,0
676.jpg,14
591.jpg,12
682.jpg,14
844.jpg,17
493.jpg,10
365.jpg,7
884.jpg,18
685.jpg,14
449.jpg,9
679.jpg,14
941.jpg,19
578.jpg,12
110.jpg,2
58.jpg,1
246.jpg,5
345.jpg,7
587.jpg,12
337.jpg,7
362.jpg,7
871.jpg,18
97.jpg,2
481.jpg,10
404.jpg,8
443.jpg,9
355.jpg,7
12.jpg,0
647.jpg,13
120.jpg,2
145.jpg,3
317.jpg,6
845.jpg,17
534.jpg,11
116.jpg,2
687.jpg,14
213.jpg,4
444.jpg,9
413.jpg,8
649.jpg,13
308.jpg,6
735.jpg,15
918.jpg,19
927.jpg,19
588.jpg,12
634.jpg,13
539.jpg,11
221.jpg,4
783.jpg,16
692.jpg,14
218.jpg,4
10.jpg,0
592.jpg,12
830.jpg,17
297.jpg,6
204.jpg,4
915.jpg,19
461.jpg,9
929.jpg,19
699.jpg,14
121.jpg,2
935.jpg,19
268.jpg,5
244.jpg,5
723.jpg,15
305.jpg,6
112.jpg,2
147.jpg,3
459.jpg,9
105.jpg,2
16.jpg,0
313.jpg,6
249.jpg,5
125.jpg,2
786.jpg,16
172.jpg,3
599.jpg,12
640.jpg,13
52.jpg,1
1.jpg,0
936.jpg,19
838.jpg,17
552.jpg,11
531.jpg,11
841.jpg,17
389.jpg,8
23.jpg,0
693.jpg,14
171.jpg,3
126.jpg,2
582.jpg,12
338.jpg,7
19.jpg,0
642.jpg,13
501.jpg,10
217.jpg,4
452.jpg,9
437.jpg,9
866.jpg,18
577.jpg,12
395.jpg,8
450.jpg,9
835.jpg,17
635.jpg,13
258.jpg,5
73.jpg,1
782.jpg,16
65.jpg,1
148.jpg,3
409.jpg,8
163.jpg,3
435.jpg,9
942.jpg,19
750.jpg,15
689.jpg,14
600.jpg,12
597.jpg,12
733.jpg,15
629.jpg,13
410.jpg,8
769.jpg,16
824.jpg,17
106.jpg,2
358.jpg,7
638.jpg,13
441.jpg,9
743.jpg,15
549.jpg,11
798.jpg,16
222.jpg,4
197.jpg,4
681.jpg,14
736.jpg,15
294.jpg,6
354.jpg,7
454.jpg,9
392.jpg,8
453.jpg,9
394.jpg,8
696.jpg,14
876.jpg,18
877.jpg,18
875.jpg,18
169.jpg,3
312.jpg,6
214.jpg,4
537.jpg,11
8.jpg,0
828.jpg,17
20.jpg,0
263.jpg,5
722.jpg,15
75.jpg,1
482.jpg,10
535.jpg,11
721.jpg,15
503.jpg,10
491.jpg,10
68.jpg,1
543.jpg,11
26.jpg,0
695.jpg,14
347.jpg,7
772.jpg,16
865.jpg,18
61.jpg,1
651.jpg,13
406.jpg,8
643.jpg,13
440.jpg,9
894.jpg,18
598.jpg,12
646.jpg,13
245.jpg,5
199.jpg,4
490.jpg,10
826.jpg,17
698.jpg,14
265.jpg,5
50.jpg,1
168.jpg,3
24.jpg,0
264.jpg,5
882.jpg,18
103.jpg,2
76.jpg,1
502.jpg,10
349.jpg,7
18.jpg,0
462.jpg,9
400.jpg,8
486.jpg,10
916.jpg,19
299.jpg,6
499.jpg,10
834.jpg,17
434.jpg,9
149.jpg,3
289.jpg,6
530.jpg,11
509.jpg,10
492.jpg,10
6.jpg,0
64.jpg,1
633.jpg,13
919.jpg,19
739.jpg,15
17.jpg,0
67.jpg,1
922.jpg,19
776.jpg,16
4.jpg,0
775.jpg,16
691.jpg,14
579.jpg,12
686.jpg,14
483.jpg,10
352.jpg,7
27.jpg,0
677.jpg,14
408.jpg,8
69.jpg,1
356.jpg,7
56.jpg,1
248.jpg,5
364.jpg,7
917.jpg,19
266.jpg,5
821.jpg,17
556.jpg,11
303.jpg,6
792.jpg,16
921.jpg,19
818.jpg,17
104.jpg,2
500.jpg,10
259.jpg,5
584.jpg,12
253.jpg,5
302.jpg,6
243.jpg,5
790.jpg,16
545.jpg,11
774.jpg,16
532.jpg,11
158.jpg,3
625.jpg,13
111.jpg,2
675.jpg,14
920.jpg,19
174.jpg,3
631.jpg,13
644.jpg,13
770.jpg,16
316.jpg,6
533.jpg,11
551.jpg,11
540.jpg,11
639.jpg,13
9.jpg,0
594.jpg,12
55.jpg,1
212.jpg,4
398.jpg,8
484.jpg,10
867.jpg,18
78.jpg,1
166.jpg,3
580.jpg,12
553.jpg,11
407.jpg,8
832.jpg,17
460.jpg,9
241.jpg,5
411.jpg,8
825.jpg,17
837.jpg,17
57.jpg,1
684.jpg,14
488.jpg,10
307.jpg,6
554.jpg,11
219.jpg,4
741.jpg,15
839.jpg,17
220.jpg,4
673.jpg,14
547.jpg,11
506.jpg,10
820.jpg,17
196.jpg,4
791.jpg,16
151.jpg,3
216.jpg,4
366.jpg,7
678.jpg,14
152.jpg,3
505.jpg,10
442.jpg,9
456.jpg,9
748.jpg,15
195.jpg,4
292.jpg,6
311.jpg,6
504.jpg,10
391.jpg,8
819.jpg,17
728.jpg,15
749.jpg,15
788.jpg,16
836.jpg,17
605.jpg,12
198.jpg,4
924.jpg,19
350.jpg,7
541.jpg,11
72.jpg,1
346.jpg,7
202.jpg,4
868.jpg,18
628.jpg,13
700.jpg,14
870.jpg,18
630.jpg,13
891.jpg,18
637.jpg,13
603.jpg,12
923.jpg,19
457.jpg,9
789.jpg,16
771.jpg,16
650.jpg,13
167.jpg,3
270.jpg,5
674.jpg,14
738.jpg,15
702.jpg,14
590.jpg,12
495.jpg,10
242.jpg,5
925.jpg,19
360.jpg,7
487.jpg,10
874.jpg,18
255.jpg,5
498.jpg,10
209.jpg,4
645.jpg,13
306.jpg,6
893.jpg,18
403.jpg,8
359.jpg,7
170.jpg,3
193.jpg,4
777.jpg,16
593.jpg,12
601.jpg,12
351.jpg,7
892.jpg,18
727.jpg,15
546.jpg,11
200.jpg,4
933.jpg,19
448.jpg,9
878.jpg,18
62.jpg,1
162.jpg,3
889.jpg,18
697.jpg,14
206.jpg,4
784.jpg,16
63.jpg,1
260.jpg,5
102.jpg,2
446.jpg,9
122.jpg,2
387.jpg,8
295.jpg,6
507.jpg,10
250.jpg,5
13.jpg,0
54.jpg,1
29.jpg,0
261.jpg,5
215.jpg,4
363.jpg,7
734.jpg,15
785.jpg,16
348.jpg,7
869.jpg,18
150.jpg,3
70.jpg,1
385.jpg,8
796.jpg,16
550.jpg,11
823.jpg,17
269.jpg,5
731.jpg,15
833.jpg,17
60.jpg,1
879.jpg,18
829.jpg,17
315.jpg,6
627.jpg,13
445.jpg,9
557.jpg,11
632.jpg,13
399.jpg,8
344.jpg,7
5.jpg,0
401.jpg,8
888.jpg,18
840.jpg,17
683.jpg,14
155.jpg,3
353.jpg,7
701.jpg,14
872.jpg,18
914.jpg,19
340.jpg,7
558.jpg,11
262.jpg,5
153.jpg,3
455.jpg,9
342.jpg,7
98.jpg,2
641.jpg,13
66.jpg,1
51.jpg,1
652.jpg,13
412.jpg,8
508.jpg,10
309.jpg,6
207.jpg,4
28.jpg,0
831.jpg,17
794.jpg,16
357.jpg,7
778.jpg,16
405.jpg,8
595.jpg,12
451.jpg,9
653.jpg,13
626.jpg,13
787.jpg,16
211.jpg,4
99.jpg,2
742.jpg,15
201.jpg,4
926.jpg,19
827.jpg,17
101.jpg,2
15.jpg,0
247.jpg,5
59.jpg,1
781.jpg,16
596.jpg,12
296.jpg,6
343.jpg,7
71.jpg,1
536.jpg,11
458.jpg,9
396.jpg,8
732.jpg,15
726.jpg,15
940.jpg,19
414.jpg,8
310.jpg,6
252.jpg,5
636.jpg,13
747.jpg,15
160.jpg,3
606.jpg,12
2.jpg,0
883.jpg,18
117.jpg,2
314.jpg,6
53.jpg,1
797.jpg,16
680.jpg,14
725.jpg,15
583.jpg,12
146.jpg,3
538.jpg,11
544.jpg,11
386.jpg,8
14.jpg,0
496.jpg,10
604.jpg,12
436.jpg,9
257.jpg,5
937.jpg,19
773.jpg,16
928.jpg,19
793.jpg,16
388.jpg,8
887.jpg,18
298.jpg,6
746.jpg,15
817.jpg,17
77.jpg,1
745.jpg,15
885.jpg,18
397.jpg,8
22.jpg,0
494.jpg,10
730.jpg,15
251.jpg,5
439.jpg,9
300.jpg,6
602.jpg,12
648.jpg,13
780.jpg,16
542.jpg,11
489.jpg,10
203.jpg,4
154.jpg,3
589.jpg,12
124.jpg,2
729.jpg,15
529.jpg,11
341.jpg,7
737.jpg,15
194.jpg,4
21.jpg,0
108.jpg,2
161.jpg,3
433.jpg,9
688.jpg,14
157.jpg,3
